l,alpha1
0.000000000000000000e+00,3.673898541615592261e-01
1.000000000000000000e+00,-3.886855358338486832e-01
2.000000000000000000e+00,1.081727772260613896e-01
3.000000000000000000e+00,2.836293540302243024e-02
4.000000000000000000e+00,-1.796374221439983598e-02
5.000000000000000000e+00,-5.936799390962826765e-04
6.000000000000000000e+00,1.576184930316786720e-03
7.000000000000000000e+00,-1.272490997561792538e-03
8.000000000000000000e+00,1.359442893496405538e-03
9.000000000000000000e+00,2.302433685654941675e-03
1.000000000000000000e+01,-2.596228117964609772e-03
1.100000000000000000e+01,7.111973266286419947e-04
