Q,I_fit
5.000000000000000278e-02,5.654796933590808816e-01
7.594936708860759722e-02,5.736987940050768398e-01
1.018987341772152055e-01,5.747645346696723667e-01
1.278481012658228000e-01,5.713612586935209459e-01
1.537974683544303944e-01,5.653772090338429201e-01
1.797468354430379889e-01,5.580871272658625148e-01
2.056962025316456111e-01,5.503022466956900560e-01
2.316455696202531778e-01,5.424921921836614036e-01
2.575949367088608000e-01,5.348828265419668382e-01
2.835443037974683667e-01,5.275336467867871582e-01
3.094936708860759889e-01,5.203979298625489580e-01
3.354430379746835555e-01,5.133684567751644057e-01
3.613924050632911777e-01,5.063113033435353572e-01
3.873417721518987444e-01,4.990898740656101173e-01
4.132911392405063666e-01,4.915810712690045214e-01
4.392405063291139333e-01,4.836852331191947019e-01
4.651898734177215555e-01,4.753312398928804527e-01
4.911392405063291777e-01,4.664779765253532218e-01
5.170886075949367999e-01,4.571131496003509320e-01
5.430379746835444221e-01,4.472502873308411009e-01
5.689873417721520443e-01,4.369246001583403927e-01
5.949367088607595555e-01,4.261882463536718624e-01
6.208860759493671777e-01,4.151054299277865400e-01
6.468354430379747999e-01,4.037476564337012519e-01
6.727848101265824221e-01,3.921893843112967404e-01
6.987341772151900443e-01,3.805042344072912530e-01
7.246835443037975555e-01,3.687618571112118437e-01
7.506329113924051777e-01,3.570255041429289400e-01
7.765822784810127999e-01,3.453503092919143480e-01
8.025316455696204221e-01,3.337822486066739369e-01
8.284810126582279333e-01,3.223577245422207249e-01
8.544303797468355555e-01,3.111036998132446496e-01
8.803797468354431777e-01,3.000382938360857121e-01
9.063291139240507999e-01,2.891717475798907810e-01
9.322784810126584221e-01,2.785076599744055748e-01
9.582278481012659332e-01,2.680444005035852451e-01
9.841772151898735554e-01,2.577766072688477683e-01
1.010126582278481067e+00,2.476966872810431042e-01
1.036075949367088800e+00,2.377962452154825934e-01
1.062025316455696311e+00,2.280673778892985115e-01
1.087974683544304044e+00,2.185037838849661074e-01
1.113924050632911555e+00,2.091016503993625431e-01
1.139873417721519067e+00,1.998602922399862758e-01
1.165822784810126800e+00,1.907825305525140680e-01
1.191772151898734311e+00,1.818748109199939400e-01
1.217721518987342044e+00,1.731470716585158387e-01
1.243670886075949555e+00,1.646123832475719362e-01
1.269620253164557067e+00,1.562863885253985008e-01
1.295569620253164800e+00,1.481865805370967959e-01
1.321518987341772311e+00,1.403314603838509145e-01
1.347468354430380044e+00,1.327396213027966509e-01
1.373417721518987555e+00,1.254288070191424964e-01
1.399367088607595067e+00,1.184149926903902972e-01
1.425316455696202800e+00,1.117115348675385839e-01
1.451265822784810311e+00,1.053284335955992773e-01
1.477215189873417822e+00,9.927174450407970363e-02
1.503164556962025555e+00,9.354317228598742207e-02
1.529113924050633067e+00,8.813986879488885928e-02
1.555063291139240800e+00,8.305445014557630290e-02
1.581012658227848311e+00,7.827523715012978112e-02
1.606962025316455822e+00,7.378671314256524116e-02
1.632911392405063555e+00,6.957018251749193249e-02
1.658860759493671067e+00,6.560460301224069202e-02
1.684810126582278800e+00,6.186755501829191428e-02
1.710759493670886311e+00,5.833630240912125731e-02
1.736708860759493822e+00,5.498889252311897624e-02
1.762658227848101555e+00,5.180523791091594388e-02
1.788607594936709067e+00,4.876812036763771702e-02
1.814556962025316800e+00,4.586405901967718912e-02
1.840506329113924311e+00,4.308398950691803148e-02
1.866455696202531822e+00,4.042371137008209103e-02
1.892405063291139555e+00,3.788407631815778748e-02
1.918354430379747066e+00,3.547091191587199016e-02
1.944303797468354800e+00,3.319470418814245150e-02
1.970253164556962311e+00,3.107009981640823648e-02
1.996202531645569822e+00,2.911533430702062386e-02
2.022151898734177333e+00,2.735174855044335968e-02
2.048101265822785066e+00,2.580362275257834515e-02
2.074050632911392356e+00,2.449863540842921183e-02
2.100000000000000089e+00,2.346934646382553905e-02
