Q,I_corrected,I_fit
5.000000000000000278e-02,6.516662656319049951e-01,5.720376384890293320e-01
7.594936708860759722e-02,6.503155146193935199e-01,5.709006543119665711e-01
1.018987341772152055e-01,6.468170815935692097e-01,5.687589270984902967e-01
1.278481012658228000e-01,6.414475145044703508e-01,5.657088066705981966e-01
1.537974683544303944e-01,6.344527273862964334e-01,5.618368917084435310e-01
1.797468354430379889e-01,6.260507294758985708e-01,5.572209315785028316e-01
2.056962025316456111e-01,6.164341982660708208e-01,5.519306745234143774e-01
2.316455696202531778e-01,6.057729006690931728e-01,5.460286636807042404e-01
2.575949367088608000e-01,5.942159664657832296e-01,5.395709823975443076e-01
2.835443037974683667e-01,5.818940182161093100e-01,5.326079503089585776e-01
3.094936708860759889e-01,5.689211618060829867e-01,5.251847716464429494e-01
3.354430379746835555e-01,5.553968418071855151e-01,5.173421372444800825e-01
3.613924050632911777e-01,5.414075658233943322e-01,5.091167817120342276e-01
3.873417721518987444e-01,5.270285020013039112e-01,5.005419972362539216e-01
4.132911392405063666e-01,5.123249538790988211e-01,4.916481054856917110e-01
4.392405063291139333e-01,4.973537167496012712e-01,4.824628890801869741e-01
4.651898734177215555e-01,4.821643197130799918e-01,4.730119840946928611e-01
4.911392405063291777e-01,4.668001575952550053e-01,4.633192350642612034e-01
5.170886075949367999e-01,4.512995169059216272e-01,4.534070139573871949e-01
5.430379746835444221e-01,4.356965000138262045e-01,4.432965045849829866e-01
5.689873417721520443e-01,4.200218517132002227e-01,4.330079539121858834e-01
5.949367088607595555e-01,4.043036923574974129e-01,4.225608917402358666e-01
6.208860759493671777e-01,3.885681617357599205e-01,4.119743202256335168e-01
6.468354430379747999e-01,3.728399778672444875e-01,4.012668747038478090e-01
6.727848101265824221e-01,3.571429148896503869e-01,3.904569572847507164e-01
6.987341772151900443e-01,3.415002042165498630e-01,3.795628446870392692e-01
7.246835443037975555e-01,3.259348631395221352e-01,3.686027717788784019e-01
7.506329113924051777e-01,3.104699550503939864e-01,3.575949922919564039e-01
7.765822784810127999e-01,2.951287854592176685e-01,3.465578181762286047e-01
8.025316455696204221e-01,2.799350379833850377e-01,3.355096390625442737e-01
8.284810126582279333e-01,2.649128544833631027e-01,3.244689233003777429e-01
8.544303797468355555e-01,2.500868635206724977e-01,3.134542020379373350e-01
8.803797468354431777e-01,2.354821613135011649e-01,3.024840378118420214e-01
9.063291139240507999e-01,2.211242493654329566e-01,2.915769791135894851e-01
9.322784810126584221e-01,2.070389329428967140e-01,2.807515024000777903e-01
9.582278481012659332e-01,1.932521845767308510e-01,2.700259430153785778e-01
9.841772151898735554e-01,1.797899767634164314e-01,2.594184164910022239e-01
1.010126582278481067e+00,1.666780880414309995e-01,2.489467316918737294e-01
1.036075949367088800e+00,1.539418866183481227e-01,2.386282972752867826e-01
1.062025316455696311e+00,1.416060957239343165e-01,2.284800229299821794e-01
1.087974683544304044e+00,1.296945448650328458e-01,2.185182168626776944e-01
1.113924050632911555e+00,1.182299111575192546e-01,2.087584809992041601e-01
1.139873417721519067e+00,1.072334549108888146e-01,1.992156053674988547e-01
1.165822784810126800e+00,9.672475364104483886e-02,1.899034631297073228e-01
1.191772151898734311e+00,8.672143868665288524e-02,1.808349077305763664e-01
1.217721518987342044e+00,7.723893860470361361e-02,1.720216736294164772e-01
1.243670886075949555e+00,6.829023352063974539e-02,1.634742820828135046e-01
1.269620253164557067e+00,5.988562460865886478e-02,1.552019534453560334e-01
1.295569620253164800e+00,5.203252287765154638e-02,1.472125274555923513e-01
1.321518987341772311e+00,4.473526143823414181e-02,1.395123929744353231e-01
1.347468354430380044e+00,3.799493542644047372e-02,1.321064286432624690e-01
1.373417721518987555e+00,3.180927375951798919e-02,1.249979559289238346e-01
1.399367088607595067e+00,2.617254689934910353e-02,1.181887060228921649e-01
1.425316455696202800e+00,2.107551479899840569e-02,1.116788020617862226e-01
1.451265822784810311e+00,1.650541920791184433e-02,1.054667581365029277e-01
1.477215189873417822e+00,1.244602451112760896e-02,9.954949655714116774e-02
1.503164556962025555e+00,8.877711278249109453e-03,9.392238484103031249e-02
1.529113924050633067e+00,5.777626697408219832e-03,8.857929389100095696e-02
1.555063291139240800e+00,3.119896069902319651e-03,8.351267883118798641e-02
1.581012658227848311e+00,8.758995409168040484e-04,7.871368396756484032e-02
1.606962025316455822e+00,-9.853817581056347093e-04,7.417227334046108678e-02
1.632911392405063555e+00,-2.496945980073674975e-03,6.987738833624559942e-02
1.658860759493671067e+00,-3.693273070169553716e-03,6.581713382546450219e-02
1.684810126582278800e+00,-4.609745335688525750e-03,6.197899429462348786e-02
1.710759493670886311e+00,-5.281981902315972636e-03,5.835008143884063553e-02
1.736708860759493822e+00,-5.745082881288159950e-03,5.491741468261334552e-02
1.762658227848101555e+00,-6.032779071901082577e-03,5.166823609594139305e-02
1.788607594936709067e+00,-6.176483024058924097e-03,4.859036117297282908e-02
1.814556962025316800e+00,-6.204237285051477681e-03,4.567256694050067511e-02
1.840506329113924311e+00,-6.139555655423034955e-03,4.290501886342496657e-02
1.866455696202531822e+00,-6.000153278105955189e-03,4.027973801451025654e-02
1.892405063291139555e+00,-5.796561385570410223e-03,3.779110997559132629e-02
1.918354430379747066e+00,-5.530622529337920514e-03,3.543643693750066215e-02
1.944303797468354800e+00,-5.193862116404271249e-03,3.321653446593467868e-02
1.970253164556962311e+00,-4.765732077147129785e-03,3.113637440046218216e-02
1.996202531645569822e+00,-4.211722489062682054e-03,2.920577535395381744e-02
2.022151898734177333e+00,-3.481336980986876606e-03,2.744014227961245195e-02
2.048101265822785066e+00,-2.505927742306698555e-03,2.586125657282950172e-02
2.074050632911392356e+00,-1.196385961364294708e-03,2.449811817519530546e-02
2.100000000000000089e+00,5.593164818942039261e-04,2.338784114770962527e-02
